P00352,O60356
Q6PF05,Q8NCA9
O60641,P55040
P21926,P17174
O14763,P14778
P62993,Q9NWV8
O15084,Q9UQC2
O14641,Q9NYF0
Q5JQC9,Q5CZC0
P49450,Q9H4L4
Q99728,Q9BX63
P33908,Q3MIR4
P61956,P62333
Q9H2U2,Q04837
Q969R5,Q86UB2
O75489,O14561
P50570,O14933
O95573,Q9H1X3
P26038,Q96LT7
O75385,Q96BR1
Q969T9,P53618
Q13489,Q8NBJ5
P48729,P62424
P0C0S8,Q13057
P49760,Q8WTR7
Q01995,Q92973
P00441,P13667
P60953,Q86VI3
O43166,Q14966
Q8NFD5,Q8WUB8
P09874,P52926
P04629,P15924
Q8WTR2,O00178
O76021,P46779
P60484,P05166
P25800,Q9NUQ7
Q14257,Q2MV58
P20333,Q9HAU4
P35998,Q96DT6
Q16236,P53365
Q9H967,Q92466
Q16637,Q969L4
Q92597,Q04726
Q16557,P11464
P37198,Q15067
P49441,O14777
P09923,P60411
P62805,P28324
P23258,Q9NZL4
O15357,Q8N0S2
P63010,Q9BY89
O95696,Q99417
Q15773,P54652
Q15059,O43427
P06748,P31943
Q9Y4L5,Q9UBH0
Q9HCE1,Q9Y600
O00159,Q14240
O95071,Q9Y216
P16410,Q15172
P42858,Q14643
Q9Y4K3,P41252
Q99442,Q96CN4
P19634,Q6ZQN7
P21127,Q9BTM9
Q9Y3D9,Q7Z2W4
A6NEM1,Q9Y2I9
Q69YN4,Q8NFZ5
Q96H55,P18031
P50613,Q9Y3C7
Q86UY6,Q96RE7
Q9NV56,O75182
O95819,O43815
P51659,Q04837
Q14957,Q9BT25
Q6UX01,Q9P0B6
Q9NUX5,O00338
P43119,Q9H6D3
Q6UXL0,P36896
P13164,P54198
Q15274,O75179
P38398,P30307
P09429,P14316
Q86VS8,O43379
Q15165,O60512
Q9UKA4,P35625
Q07020,P62906
P01106,P27658
O76021,Q96PK6
P05129,O60256
Q12879,O95714
P37198,O14715
Q15418,P28482
P60763,Q96BD0
P61956,Q9UNQ2
Q16630,O43809
O75400,Q9NQ29
Q9HBH0,P46531
Q15646,Q05519
Q8IWX8,Q12899
Q16656,P15822
P17174,Q15126
P05091,P57078
O00750,P31943
Q9UM54,Q86VS8
P06756,P54725
Q9BX68,Q9Y3D7
Q8NCE2,Q9NR28
P68104,Q9NX55
O75973,P0C862
Q96IQ9,O94953
P57682,Q9Y2X9
Q13976,P17029
P08238,Q14145
Q15717,P0DPH7
P10276,P78413
P11142,Q8IY57
Q13526,P60369
Q9NWS0,Q9UQ80
Q6UY01,Q6ZXV5
Q00987,Q9BZE0
P04843,Q15155
Q8WWV3,Q9BUB7
O94761,Q9H6E5
P68036,Q8IU81
P17066,Q15051
Q9BZF1,Q9Y3E0
P02792,Q9BTV7
Q86UP2,Q7Z7N9
P68032,Q6IBS0
Q15717,Q15233
O00571,P46934
Q9UI09,O75477
Q9H4M7,P11274
Q9HCE1,Q8TEP8
Q9H4M7,Q8WUK0
Q96FW1,P39748
Q14839,Q92499
Q15466,Q14994
Q9UBN7,P61081
P17081,Q9BTU6
P46783,P43146
Q8TD17,Q9UDV7
P14373,Q9UHD2
P46060,Q9BTM9
P11912,P01591
Q14192,P10275
P30153,P24385
Q02930,Q7Z4W3
O43678,P51970
Q96Q07,P62310
P08238,P17658
O95376,Q96P48
Q9Y2R2,P10912
O76024,Q8N5Y2
P25098,Q92598
O95199,Q8WVL7
P10599,P60484
P41597,P13500
P46734,Q9BUF5
P63165,Q9Y3B9
Q9UNN5,Q8TAD8
Q9UBB9,Q3B820
Q13625,P56279
P31689,P08621
Q9GZV8,Q5I0X7
Q12933,O75604
Q8N488,P22695
P84243,Q969P0
Q9NQZ8,Q8WV44
Q9HCH0,Q96HQ2
Q15717,O60292
Q02543,Q9Y3C1
P38432,Q96RS0
Q9NVH0,Q9Y375
Q9BT49,O95273
Q5BJD5,Q14165
Q86UK7,P42677
P00533,Q86SP6
Q9UPM9,Q15063
Q9Y463,Q5T9A4
A5D8V6,A6NFD8
O60506,Q86XP3
Q15468,Q9UGP4
P17980,O00327
O14672,Q9UKF2
P02452,P24821
P62258,P51686
Q8TBB1,O75031
P26358,P23560
Q9NRM7,Q9H1A4
Q02750,Q16584
Q9Y277,Q9Y2Q3
P84095,P82663
P61758,Q3SY46
O14901,Q15012
P26583,P62857
P40227,P61962
Q92731,Q9BX40
P16401,Q8IY18
Q9Y4Z0,C9JE40
Q13296,Q10469
Q9UL15,Q16875
P21589,P78540
P57682,Q92997
P15927,O60216
Q02083,Q96K37
P01308,P09543
Q9H9B4,Q9Y6N1
P36873,P31314
Q8TDZ2,O60542
P62899,Q15365
Q9NRW1,Q9H0N0
P43897,P10176
Q92793,P14651
Q96FI4,Q86WJ1
Q53R12,Q08477
O76021,Q03001
Q8N9T8,O75607
P32322,Q9GZT6
Q9NX47,Q15390
P51668,Q9UJV3
P35226,Q9NUK0
Q9Y3F4,Q8NHP8
P01100,P46821
Q04864,O75716
Q8IWL3,Q4U2R6
Q9BZK7,P01008
Q9BYI3,O95273
Q96J02,P45983
Q13547,O15417
P25685,P37108
P05412,P49756
Q08AM6,P86480
P51965,Q9P0N8
P10809,Q14108
O60896,Q8TB37
P63165,P52888
P27695,Q8WVB6
P26196,Q9UNP9
Q01995,Q9BVV7
Q5J8M3,Q9NPA0
P27635,Q8N8D1
Q96SB4,Q8N0Y2
Q96LK0,Q969Q6
Q96GD4,P12268
P15927,Q9H9A7
P32971,Q8N539
Q9HCU9,Q9H7L9
Q8NCA5,Q12986
Q9H2P0,Q9H410
Q9BRR9,Q9H3K6
P42704,Q92947
O75390,P82912
Q02487,Q8IZ57
Q12849,Q14103
P23246,Q03468
Q13620,Q96M98
Q9BSH4,Q7Z7H8
P14866,P37235
P62888,Q14692
P00750,P27797
P17302,P48029
Q9H0R8,P08621
Q9HBH0,Q8N4S9
P11142,Q9NVZ3
Q5T9A4,Q9H9B4
O95235,P05204
Q96LR5,Q9BZY9
Q99496,Q96T88
P51114,O60504
P48594,Q96L08
P04637,O60271
Q9NRR5,P05305
Q8TDW4,Q16445
Q9H2C0,Q9BT25
Q96Q45,Q8WY07
P31943,Q9C0B9
P61981,P78318
P48047,P08559
P16260,Q86XD5
Q01860,Q8TAQ2
Q8IWL3,O15173
P68133,Q04695
O43567,Q9Y394
P43307,Q96JQ2
Q969X5,Q16352
O75131,P49841
Q9Y3U8,Q14562
Q6UWQ5,O75882
Q00610,Q6XUX3
Q8NBU5,Q96K19
P00533,Q15758
P26641,Q13617
Q14258,Q8N6T7
Q96AT1,Q9UHR6
Q14160,Q05086
P03372,Q9Y679
Q9ULW3,Q5JTH9
P63104,P28749
Q9Y5M8,Q13190
Q8N720,Q9NV31
P51636,Q13021
Q9BVG8,Q9UIL1
P42704,O96013
Q6NUS6,Q9NYU2
P55317,P49750
P25705,Q02218
Q9Y6M4,Q9H4I8
O15431,O00408
Q13616,Q16629
O75570,Q9UGC7
Q15008,O76080
O00217,O43674
P01112,Q8TBZ3
O15496,Q8IUC1
O95232,Q00839
P78348,O96005
Q9Y6H6,Q9HAU0
Q8NBN3,Q9H2F3
Q9NY97,Q9BY44
Q9UQL6,P15531
O94782,P61626
Q96CV9,Q14204
Q9BRS2,Q02878
P27449,Q9HBV2
P78362,Q9UKX7
P35241,Q14BN4
P28340,Q9UGI0
Q8NBJ4,Q8IYL3
P03372,O43307
O75897,P50851
Q13489,Q07020
P46531,Q9UPN7
Q5VTR2,P52298
P01308,Q2M2I8
Q13595,Q96A72
P78310,P61019
Q99959,O95159
Q8N5F7,P30414
P27348,P61981
Q9Y2H6,P30550
Q13619,P05387
P04843,Q6ZRI8
P22891,Q63ZY3
Q15029,O60841
Q71U36,Q9UQL6
P84022,Q12955
O60331,O75747
O15205,Q96EK4
Q15029,O14965
O75400,Q9C004
Q9UM54,Q99714
Q8WWY6,Q2M1K9
P62875,Q15834
P40426,Q05329
P61956,Q9H1K4
Q99728,Q8NEN9
P61981,Q15678
P52948,Q8WUK0
Q96B97,Q12884
Q6ZNL6,P32119
Q4KMZ8,Q86XT9
Q9NQZ6,O76014
P63279,Q8N3L3
Q86WT6,P28329
P60953,Q9Y2H6
O75563,Q9BYE2
P07948,P42696
Q9UN74,Q9NRU3
Q96A26,Q9HAT2
P63000,Q00587
P68400,O60341
Q09472,Q13131
P61006,Q8WXI8
P61981,Q96N16
P14854,Q9H7Z7
Q9NR30,Q8N3U4
P15153,P55072
Q9UNE7,Q9BSI4
Q99496,O60306
Q08379,Q9NQT4
P09467,P35268
O95278,Q9NS56
Q96L08,Q86SG5
Q9H6Z9,Q9Y2K1
O00116,Q9BQG2
Q05397,P68400
O14787,P43657
Q8WVJ2,Q92925
P68431,P63010
P55212,Q9UJX2
Q9Y4F3,Q2TBC4
Q8IWR0,P29558
Q9Y2U8,Q13586
Q9P0T4,A6NJZ7
P05067,Q9H1E3
O95630,Q96D71
O60939,O75155
O75369,Q13541
Q9Y3I1,Q92917
P62877,P52630
Q9Y3I1,O75030
Q07065,Q9BRK0
P15153,P62070
Q9H4M7,Q5TH69
Q13616,Q14142
P05067,Q5SRE7
P60709,P18754
Q92614,Q5JTB6
Q9UKB1,Q99767
Q9BYG5,Q9BYG4
Q15029,Q9UI30
Q15365,O60506
O75116,O75937
P00533,Q9UI26
P61978,Q9Y5E9
Q15029,P28074
Q6PML9,Q6UXC1
O75365,Q13451
Q9BVG8,P55040
Q8TEW0,Q96ST8
O95970,Q9BZQ6
P01106,Q96EU6
Q15464,O15431
O75431,Q9H078
P62070,Q9UI14
Q02241,Q13418
Q96NB2,Q8IWL1
Q7Z3C6,Q86YJ5
Q9Y265,P04183
P38646,Q9NNZ3
Q01433,Q9BRK4
Q92796,O95817
Q9Y4J8,P53992
P17931,P04920
Q6ZN04,Q58A45
Q08379,O14641
Q9UI95,P30518
P40818,Q9NZZ3
Q6L8G8,Q701N4
P24928,Q9Y5B0
Q8IV32,P63272
Q04206,O00422
P03372,Q96P47
Q12906,O95816
P11142,Q9Y608
P13569,O15372
P31273,Q92997
A0PK00,O43300
Q6AI12,Q96C45
P14625,O00206
Q6NYC1,Q5T8P6
P60763,Q9HCM3
P07858,Q9UII4
Q96LT7,Q9BPZ7
P31943,Q8NF37
Q9H0B6,Q13356
Q13291,P09382
P41002,P19623
Q8IWZ6,Q8WWF6
P63104,Q13418
P60709,Q9H9G7
Q9UHP7,P98194
Q16385,Q86VW0
P63261,Q7Z7L1
Q8TDQ0,Q9UNY4
Q96I36,Q5JXX7
Q969W9,Q9UGM3
P78317,O43242
Q00341,P55072
P60953,O00469
Q8TBK6,Q12872
Q96N66,P62491
P38936,Q9BYR8
P61081,Q96SW2
P35680,P78424
P04629,Q9NPD3
P09874,Q8NHQ9
P32246,P15428
P35221,Q9Y4J8
Q96L14,Q6PCD5
Q3ZCM7,O14595
Q9BYF1,O95208
Q9P0L0,Q8N766
O95994,Q99623
Q15070,P28222
Q8N3V7,P08754
Q9H7D7,O75081
P22676,A2RU54
Q07960,Q96HE9
Q9Y570,Q14012
Q9Y265,Q9NVE4
Q8NFF5,Q96JM7
P49721,Q969U7
P63279,Q9UBC3
Q8IYX8,Q6A162
P08833,P05019
Q16385,Q9UL33
Q6UWP7,O14894
P61981,Q86TI0
Q04695,Q8WX94
P25942,Q9BS26
Q8TEQ6,Q8N6T7
Q9BXM7,Q99880
Q9NUX5,Q8IV38
Q9Y2Q9,Q9BYC8
P01106,Q86Y91
Q5T9A4,P43243
Q12933,O43566
Q99956,O43930
Q9ULE6,Q96AG3
P13639,P31939
Q9NYB0,Q9NQS7
Q9BQE9,Q96EK5
P22087,Q96LA8
O95402,Q8IXW5
Q8NFZ5,Q07817
Q99442,Q9UQ53
P13612,O14776
Q12800,Q96LZ3
P11388,P43362
Q9Y2S7,Q9NVH0
Q9BS26,Q9UDV7
Q9BQA1,O75157
O75154,Q15027
Q9Y5G8,Q9Y5G4
Q9Y230,Q96S59
P50548,Q9NRA8
Q07627,Q2WGJ6
Q15075,A8K0Z3
Q13467,P41221
Q9H4E5,Q5SQN1
O15078,Q9BT92
P15374,Q93008
Q15058,P62937
Q13619,O15372
P33993,Q9H0D6
Q09019,P56539
P61081,Q9Y535
Q8IUQ4,Q9BTV4
P27635,Q96A35
Q15746,P00558
Q9BY84,Q14152
P51451,P07910
P19784,Q15287
Q7L2J0,P57721
Q02218,A6NJ78
P08238,Q13049
P48431,Q01826
Q15058,Q5JSZ5
Q9UHD2,Q8N4C6
P39019,O95631
O43493,Q96F07
P20339,O60488
Q08211,P19525
Q9BQ87,P68366
Q8NBM4,Q9H4E5
P61158,O14641
Q9NU19,P62491
Q9NPJ6,P36954
P40337,Q9ULX3
O75717,Q9Y258
P01137,P61812
Q504Q3,P49006
Q6R327,P49840
Q6P1M0,Q9UBU9
O60381,Q96EK5
P15311,P07384
Q9NZJ6,P09669
Q02078,Q16644
Q96MU7,Q16629
Q9H3K6,Q5SWW7
P31943,Q9NX09
Q2Q1W2,Q9UL40
Q9Y2M5,Q7Z699
P11940,Q9UL18
Q14517,Q9BPW8
Q9NR56,Q8TF05
O75489,P22392
Q8TD20,Q9H1U9
O15357,Q01970
Q13535,Q9ULX7
O60674,Q99665
Q4G0J3,P16615
Q9Y2Y4,Q8TDS5
Q96B97,O14641
Q13131,P62249
O43865,P30307
Q9NVH2,P15382
Q15717,O60285
P48431,Q9H2P0
Q86VS8,P04629
P08579,Q9P227
P52198,P43307
P42858,Q8IXN7
Q969H0,Q13887
O00139,Q8WWK9
Q9P035,Q13418
Q92731,O15162
O76024,P54646
P30556,O75937
Q6N021,Q9NP55
Q9H2C0,P11678
Q5SNT2,Q96Q45
O94874,Q9H2R5
Q52M75,Q15046
P10619,Q8NCW5
P09564,P07711
P10636,O60884
P62879,Q14344
Q9NY27,P54105
P41181,Q9Y282
Q16637,P07199
P30085,P57060
Q8N6H7,Q9Y4C1
P57078,Q9BSJ2
O00308,Q7Z2T5
Q9Y277,P08574
O75955,Q9HCH0
Q9NYA4,Q16831
Q9BXW9,Q8NI36
P42858,Q14012
P31997,O75054
Q15287,Q6PCB5
Q8WW24,Q8IUC0
Q9Y5Q3,Q9H6F5
P04049,Q13976
P12004,P43246
Q5J8M3,P12268
P01130,Q8NBP7
P56945,P17301
Q9NQT4,Q13137
P18031,Q5JTV8
O95210,Q96AG4
Q9H2X6,Q96A56
Q3KQU3,Q8WZ55
Q5SNT2,O96018
P22626,O15294
P15498,P50454
Q9BXW9,Q14573
Q9BXM7,Q13113
P62241,Q96CK0
Q9UM54,P12830
P10912,Q13616
Q9Y2T6,Q92508
P21127,P62979
Q9H300,Q6PI78
Q9NQ48,O00541
P11279,Q14126
P10644,Q9UMQ6
Q9NS69,Q8IWA4
Q9UHD9,P28676
Q9Y3S2,P56270
Q96MH2,Q8NFT6
Q69YN4,Q9H981
P21359,Q8NEY1
Q16850,A5X5Y0
P05787,Q99871
P51955,Q8WTT0
Q16666,Q14669
Q9HAD4,Q9NR77
Q9NTJ5,Q6KB66
Q14258,Q03181
Q96A22,Q9P0V3
O43653,Q5TGU0
Q96PZ2,Q9UJX2
P12004,Q8IWY9
O75943,Q9UBW8
P49768,P35408
Q9Y5Y3,Q07973
Q9Y490,O95816
Q8N0Y2,Q9NS68
O00560,Q6P1L6
P26599,Q16665
P56962,P35414
O43809,Q9BUQ8
P28482,Q9Y463
O14920,Q86UT6
P38398,Q9Y6Q9
P11908,P30419
Q9UQV4,Q8NB49
Q92570,B2RUY7
Q99615,Q9H7E2
Q9Y639,Q86SG5
P24941,Q14152
Q14318,Q99460
O14578,O75526
Q96EE3,Q6NUQ4
Q15022,P55769
Q9P2J8,Q9GZM8
P61221,Q8ND76
P52597,O00233
P55072,Q86XL3
O14641,Q8IUD2
Q13185,O60765
P06213,Q8N144
Q969G2,Q6ZN55
Q9NRC8,Q14157
Q8N490,Q9UPT5
O94919,Q6ZMB5
P68431,P09884
P14625,P22694
Q8ND56,Q92519
Q99697,P35250
Q9BPW8,P25025
Q9Y6K1,Q9BXA9
P60953,P0DPB6
Q9Y261,P56915
O95274,Q9UMS5
Q69YN4,Q5VYK3
P13667,Q6ZMZ3
O14795,P61266
P30679,P25025
P13637,P43308
O95816,Q9BQC3
Q6ZU65,P01040
Q9Y5Z9,Q9UQV4
Q9NVR0,Q9UI42
O00311,P52926
O60826,P08727
Q13243,Q9BYG3
P25054,Q14152
Q6P9B9,Q05940
Q16666,Q5SW79
Q08379,P04259
O00182,Q15262
Q69YN4,Q9UHY1
Q02156,Q9BPZ7
Q9NS73,Q96BY2
Q8NHQ1,Q9BVJ6
O14735,P38432
P10275,Q13416
O14578,P09651
Q96EV2,Q14142
P12004,P24522
O15169,P63151
Q96CV9,P63241
Q9UBS8,Q9H1P3
Q08188,Q9Y478
Q5S007,Q7KZI7
P30153,P19320
Q99720,Q8NBQ5
P35916,Q9Y6I3
Q16777,O94768
P61353,Q13310
P17844,Q13263
O95208,Q9ULM0
Q92665,Q9NQX6
Q7L2J0,O14950
Q96II8,Q05682
Q15077,Q969N2
Q9HC29,Q15363
P25788,P28074
Q96EY1,Q8N4C6
P19387,Q5VT52
Q969P5,P49915
Q96BQ3,O14874
Q6ZU80,O94972
Q96FI4,Q8TD47
P38117,Q969S9
Q92597,Q9NPL8
P22607,Q49A26
Q9BVC4,Q14680
P31948,P56524
Q86TM6,Q96S66
P11940,Q9NUU7
P60709,P00813
Q96A49,P62495
P62917,Q9H6S0
Q9NXU5,Q6P4Q7
P62805,P38919
Q9BZ95,Q9BYV6
P62502,P55058
P31323,P00738
Q9UHD2,Q66GS9
Q8N1F8,P13164
O14788,P98066
Q14197,Q9NPE2
Q12905,O43763
Q9H0W5,Q86SQ0
P55273,Q9HA65
P40337,P16152
O43187,O15455
Q16082,O75083
Q9Y3I1,Q9H6H4
Q9NQ34,Q99758
P48594,Q13106
P01106,Q15334
Q8TBB1,Q9BUY5
Q9NQC7,P49327
O15213,O14957
Q9BSJ2,Q9HB19
P61587,Q9Y3U8
Q9ULW3,Q9BRD0
O60885,Q8IUE6
Q9UBC5,P46937
Q03933,Q9UQ16
P54646,P41159
P05067,Q9Y698
O95182,O14561
Q9H4L7,Q14592
O60885,Q13185
P27986,Q9NPI1
Q16352,Q14CN4
Q9UMX0,Q96DN0
Q9Y296,P0DI81
P03372,Q9UKQ9
P05556,Q96RD7
Q96DZ9,Q08AH1
Q07157,O75380
P12931,Q92831
P02675,Q8IU89
O75369,P08514
P06400,Q01167
P05067,Q9BTA9
Q9Y5B8,Q92622
Q9H4M7,P22694
Q9UL42,A5PL33
O94822,Q8TCC3
O94874,Q96G21
Q07157,P51817
O95445,Q9BQT9
P21709,P52736
Q9BQ67,Q5RKV6
O00182,Q15021
Q4G0J3,Q96S59
P63261,Q14019
Q9HCE1,Q9UL18
Q69YN4,O95202
P13569,Q15365
P01137,Q12805
P42696,Q9NQX1
P62805,P29590
Q9UBQ5,O43432
Q02750,P61978
Q8N0Y2,P12694
Q92783,Q13137
Q9BYD6,P40926
P10451,P46821
P62820,P51991
Q07666,Q5VWX1
Q06787,Q9H773
O95782,P49757
Q9Y3M9,Q14749
Q13619,Q9UKU7
Q9BQQ3,P30622
Q16665,P05976
P68371,P62820
P50991,Q9Y2I8
Q13489,Q9UG63
O60783,Q9BV73
Q99755,Q9NYA4
O15205,P78318
Q86V48,Q9Y2D8
Q16695,O00139
Q9BZE0,P42336
Q8NAU1,Q92817
P62280,Q9NV06
O95858,P51684
P35226,Q8NC56
Q8N5M4,Q9UKA1
Q05086,Q9ULD2
Q9GZQ8,Q12905
P26368,Q13123
Q643R3,Q92482
Q9UI26,Q96HY7
Q9UKF6,Q7L523
Q9BX68,P13804
P68400,Q14999
Q9BQC6,Q9BYD3
P13612,Q9Y6M1
P01023,P50613
Q9UMS4,P17844
Q9Y265,P46934
P0CG08,Q99442
Q9H8V3,P36542
Q8WVV9,P46779
A4D1S0,P41273
P62995,Q9H422
P42566,O43747
P38936,Q16236
O14983,P35610
O76024,O60841
Q04917,P78368
O94842,Q9NRL3
Q9NR09,Q8WXA2
P53618,Q96RQ1
Q9Y4W6,O43464
O95235,Q9UBB9
P06748,O00479
Q9BR76,P54725
O95433,Q14152
Q969S3,Q13263
P19784,Q9NQB0
P56556,O75438
P27695,Q03701
P51798,Q6IAA8
P63167,Q15365
P25098,Q71UM5
P62491,Q9NQ84
Q8N122,Q86YV9
Q504Q3,O15027
Q14643,Q9P2W7
P05388,Q9NY61
P35637,Q9Y620
Q8IY37,P05388
Q96RK0,Q86UY6
P60709,A1L390
Q6PCB8,Q9UK22
Q4G0J3,P09651
Q14257,P0C7P0
P01137,Q9BTC8
O15438,Q96HD1
P11142,Q8N6T7
Q8N2G4,P58062
Q06587,O75461
Q6ZNH5,O76024
P05114,P14174
Q13296,O95672
P00734,P05160
Q9UKV8,Q13617
Q9UHB6,Q9H0K1
P26640,P15407
P14866,O60749
O43663,Q14240
Q09472,Q15906
Q12849,Q6P158
P98170,P15170
Q96SQ5,Q13064
Q6IQ23,P52597
P28482,P42229
P08134,Q9H2J7
Q7Z4W2,Q8NBM8
P61956,P49736
Q9Y3C7,P02652
Q9NP61,Q86X19
Q9NX58,Q02040
Q8NFZ5,O75132
Q92878,P51587
P25788,O43752
Q92731,Q9HAN9
Q5T1M5,Q9Y6G5
Q99798,Q99497
Q15022,Q9NX24
P27695,O15304
Q00839,Q96C86
Q96FJ2,Q9H4P4
Q9BYZ6,O75367
Q02083,Q9Y3Z3
Q7L2J0,Q16777
Q13835,O60741
Q9UMS4,Q9Y6X3
O43711,Q8IX15
O75084,Q08828
Q4G0J3,P46779
P27694,Q8NI27
P68431,Q15059
Q8NFZ5,O75962
Q8N386,P60059
P53007,P02545
Q92804,Q92905
O14980,P46783
P50479,Q13283
P63000,Q53QZ3
Q8IUH5,P55145
O60568,P39060
P35052,O00299
Q9HBH0,Q9NNW5
Q03135,P49757
Q0VD86,Q7L2R6
Q16659,P30825
Q93009,O00743
Q9BWH2,P12004
Q3B820,Q99750
P05787,Q9HCJ0
P13010,Q8WXI8
Q7Z699,Q9UJX2
P62136,Q96KQ4
P05412,Q9UHB9
P17844,Q92841
Q9Y3C5,P20340
P43005,Q9NR77
Q16633,Q9BQY4
Q12849,P46199
O75791,P30260
P20290,P36402
P24385,Q9C005
P49959,Q92831
O60711,Q9H939
P62491,Q9UPM8
Q01844,O75496
Q6PKG0,Q14142
P68036,P62837
P55072,P60900
Q9Y5K5,P43686
Q9NQX6,Q9NRL3
Q86YP4,Q96N64
Q92766,Q6ZN08
Q9Y2H0,O43543
Q8N3E9,Q96JC9
P51116,Q5T681
Q9C0B0,P05787
P98082,P06493
P05067,Q6ZT98
Q8NHV4,O95229
P35240,P04049
Q9H492,Q9C0C7
P78406,O43908
Q9GZR7,P04908
P60953,Q8TF01
Q96T60,Q49A88
Q01628,Q9Y680
Q96T51,O14617
Q00765,Q53RY4
P63261,P53041
Q92731,P60228
P98172,O00560
O94992,P04350
Q06830,P42765
P06396,P02768
P59665,Q9BT09
Q15058,P33176
P06733,Q8TAT6
P49593,P30305
P57078,O43592
Q658P3,Q9HCJ2
P40429,Q3KP31
O75386,P78356
Q15910,P10244
P02545,Q9UI14
Q9Y6C2,Q8NFJ9
Q02241,O00422
P31942,P05412
P23588,Q9Y238
Q71UM5,Q15696
Q9H9J2,O14880
Q9UHC6,Q15051
P02511,Q96Q05
P78347,P46779
P24941,P00738
P02545,Q14005
Q9Y6G9,Q96F86
Q70EL4,Q9BRZ2
O14578,Q8NFH3
Q9UDY8,Q9BXL7
Q5S007,Q5JPH6
P08173,Q8N8L6
Q9H7L9,Q9UGU5
O75419,Q9Y468
P01023,Q9UKR3
Q00535,P30304
Q02750,Q02952
Q658Y4,Q8N239
Q14241,O94906
P49450,Q15723
Q8N9I0,P07199
P02686,O75385
O00303,Q9BXK1
Q9UHR5,Q9UH92
Q14444,Q9UIH9
P04406,P32455
P04899,Q96C86
Q9Y5F2,Q8NEN9
P30825,Q9HA82
Q15029,P36915
P04843,Q9H6H4
Q9P035,Q9UIH9
Q9BYV9,Q8IWU5
Q9BV94,P40126
Q06787,Q14494
Q07955,Q05519
P28482,Q14168
P21741,Q02539
Q7Z6Z7,Q9UKB1
O60885,P24385
Q13480,P63172
Q9BV20,Q9Y2V7
P68363,P19320
Q6NYC1,Q9P1Y6
P15172,Q92793
P62745,P58335
O75556,Q9NWD8
P40939,O75390
Q9BYR2,Q5T871
Q96ME7,Q9NR30
P18206,Q01844
Q9UBU9,P39748
Q9Y3A4,Q8N268
P52272,Q9H0R8
Q969Q1,P0DP58
Q6UWP7,Q9H1C4
Q9BT49,Q99848
Q86UW6,Q9BSU3
Q71U36,P01374
Q13131,P35268
Q14181,Q8IYT8
O43711,Q3LI66
Q8N5N7,Q15434
Q709F0,Q9Y5Q3
Q15637,Q6P1X6
P30041,Q10713
Q96N66,Q8N695
Q96EL2,Q9GZR2
Q14978,Q13439
O15294,Q9P0J7
Q9Y5X4,Q9H165
Q9UNN5,Q14790
Q9UPP1,P07199
P46108,Q8IZD9
P35222,P20339
Q3LI66,Q2WGJ6
O75027,Q5JTZ9
P08047,P27694
Q13296,P52848
P05556,P07942
P55058,Q9BRR6
Q00839,Q9NVN8
Q8WUA2,P51608
P62491,Q8IWJ2
P60763,Q9H4G0
P52198,Q13586
Q13136,Q9NRR4
P42766,Q9NQ55
Q7Z2W4,Q9UQV4
P06241,O43708
P01133,P07585
Q53GQ0,P49768
Q8NC67,Q9UHP7
P61619,P49711
P28288,P09471
P00966,Q6P1L5
O75190,Q9BVJ6
Q13618,Q2TAY7
P22607,Q9UBS3
Q15910,Q8N2M8
P23458,Q96N16
Q8TB96,Q9Y5G3
P78316,Q13601
Q12873,P83731
P13164,Q9Y217
P62993,P47928
O76031,Q9Y2Z9
P27797,Q9NWX6
P62807,Q9BRX5
P63165,Q01094
Q8IXI1,Q5HYI8
P00352,P63165
Q07666,O95400
Q9NRI5,Q9NWB6
P36873,Q8IY63
Q99675,Q6ZUI0
O15371,Q2TAC2
Q5XPI4,O75251
O95486,Q969X5
P43657,O15121
Q5SWA1,Q32M45
Q96QF0,Q96Q05
Q9Y6N7,Q9UK22
Q96GD4,O00754
Q13247,P49760
Q7L2E3,Q96EY8
Q6IN85,Q5MIZ7
P42166,Q96SK2
Q13158,Q8N488
P68363,Q9ULG1
Q9Y4X4,O94818
O15260,O14786
Q9C037,P53384
Q9NTX7,Q5T2T1
Q8WUK0,O95861
Q9H4M7,Q92526
P06733,Q8WZ42
P49674,Q16526
Q07021,Q99807
Q8WV24,P60409
P31943,Q9UKT8
Q14151,P02647
P34931,Q86VP6
Q9Y3C5,P31949
O95747,Q96RQ3
O15511,P48431
Q9NQC7,Q9UPQ9
O60885,P48426
P52948,O00232
O43653,Q8N661
Q8N488,Q8IW35
Q9BRX2,Q9Y468
Q5BKZ1,Q9H074
O14880,Q96I99
Q969G3,Q86VW2
Q9GZR7,Q9ULG1
Q6P3X3,P32241
P54578,Q08945
Q96FV9,Q14562
O00212,Q8N5K1
P78316,O94822
Q6P4Q7,Q9P0G3
Q9UGP5,P01036
P49411,Q9HD34
Q8TC12,P14866
O43663,Q14684
Q9Y297,Q9UBP5
O00560,P34741
Q9P0L0,P19320
Q9UBS3,Q8NBP0
Q8WTW4,O43933
P31942,Q92841
P61758,O43704
P29966,Q96CW5
Q92731,Q8WUY1
Q16666,Q92979
P26641,O60568
P06576,Q8N4H5
P38646,P51784
Q69YN4,Q12772
Q92882,A0JLT2
P06493,Q9H5V7
P10071,P21675
O60306,P04629
Q9H7H0,Q5JPH6
Q9UBU9,P51617
Q9UIW2,P04440
Q8WUH2,Q96AB3
P04920,P35414
Q08188,O75223
P01112,Q14160
Q96ST3,Q96EK2
Q9Y265,O94874
P49736,Q9NRW3
Q16695,Q7Z4S6
Q13838,Q9Y2S2
P21860,Q15165
Q8N5K1,O75208
Q96DV4,Q8TDC0
Q6P2Q9,O14880
Q9C0F1,Q32MZ4
Q15942,Q9H792
P14136,Q5TFE4
Q13363,Q15910
Q8N3E9,Q6UXG8
Q92793,P62195
Q8WVV9,Q86UP3
Q13296,Q8NCL4
Q9Y4J8,Q9Y2V7
P27482,Q9NS68
Q9NUQ8,O96033
Q9H0W5,Q969V3
P49591,O95352
P52272,P62857
Q5T752,Q701N4
Q92547,Q9BXW9
Q10713,O95900
O43765,P28799
P24666,Q9UHJ3
P18206,O60504
P31947,P62249
P13010,P22415
Q8TB96,P14406
P01135,Q9HAV4
P61587,Q01082
P35680,Q14687
Q92731,Q8ND24
P04233,P49458
Q9UBC5,Q9UIG0
Q14790,O15234
O95793,P48444
P51946,P35269
P08247,O60225
Q15326,P36894
O00182,Q9H5H4
Q9NQP4,Q9Y512
Q9NYB9,Q6S9Z5
P55084,P18754
O95816,Q2TAL8
P05067,O95070
P62304,P49116
Q14141,Q9P209
O43809,Q6UN15
O75530,Q9H165
Q8NHW4,Q8TBB6
Q96SF2,Q92878
P60709,Q08426
Q13137,Q8IYF1
P02751,Q16610
Q13094,P62258
P01106,Q15654
P11717,P49257
Q13948,O43570
O15197,P54760
P46736,Q8IYI6
Q8NF50,Q9Y2L9
Q13618,Q14241
Q9Y297,P17181
Q52M75,P05783
Q9Y5R8,Q8N9M5
O00267,Q9NZN9
P05161,P49327
P16070,P04216
Q9Y3I1,P62380
Q32NC0,Q08554
P30405,Q08257
P49411,Q99714
Q13823,Q5JTH9
P46459,P54278
Q5TC82,O95218
Q9UKG1,Q13404
Q9NY12,O94887
P16885,P30273
Q969Q6,Q9BR77
P10515,O94806
P02786,Q86SE5
P23588,P38159
Q92667,Q9NYU2
Q9H6T3,O43464
O94874,O14744
Q9UQ88,P15291
Q7L5D6,Q495A1
P17931,Q96RQ3
Q16539,P30307
P53350,Q9BQ70
Q96SB4,Q9Y4W2
O15205,P48643
P51608,O60907
P19525,P46777
Q13616,Q01085
Q92731,Q6ZNB6
P54646,P46976
P46937,P55317
Q9NV70,Q9NR80
P14598,Q07666
Q7L2E3,Q8WYQ5
Q15077,Q9H3U1
Q99525,Q9UHD4
P09471,O15492
Q9Y2D8,Q8NHV4
Q5TC82,Q01804
Q9Y478,Q15836
Q9UBW7,Q8WUM0
O00308,P20290
Q13363,P10275
O60306,Q9ULR0
O95292,Q9C0I1
P13647,Q13617
Q9UQL6,P33992
P04075,P35610
Q9H3G5,Q96A26
O95983,P25440
Q86YH6,P24752
Q13315,O60934
P55327,P52736
Q969Q1,Q8TC84
P49821,P14406
P68400,Q9NZC7
Q9HC52,Q9BSM1
O60437,O14978
P61313,P05198
P17706,Q4JDL3
Q13094,Q8NBF2
Q15031,Q9UGC7
P48668,Q15051
Q15393,Q99608
Q8N6T3,Q9BYR7
Q12797,Q15155
O43169,Q2NL82
P78356,Q9UL54
Q6PKC3,Q99784
O95759,Q9H2U9
O00308,P07305
P62877,Q9BTE7
Q9NQW6,Q9UJG1
P11940,P62995
P54253,P16383
P40939,Q5U5Q3
Q8NBM4,Q6P2Q9
P01185,Q7LGC8
Q13554,P29401
P00540,P53992
Q8IXI1,Q9HDC5
Q969X5,Q9Y6I9
P17302,Q96AC1
Q8TBE0,O43463
Q9H4M7,Q9UEW8
Q13627,Q8N4E7
Q96EP0,Q8N5C8
Q9H4M7,P62917
P49116,Q5T3J3
Q9NWA0,Q9ULK4
P37275,Q70EL1
P12931,O75911
Q8IVD9,P19086
Q9NZ52,Q8ND24
O75592,P13385
Q9UI12,P33527
Q9Y6W6,Q0VG06
P02452,P01133
P00519,Q99497
Q8WWQ0,O15090
P02741,P27918
P07900,P05141
Q9BYG3,Q96H22
Q9H444,P49327
P01106,Q13501
Q9BQ95,O95298
Q9NX58,Q96PX9
P61077,Q9HAC8
Q92482,Q96F07
Q9UBU8,O75844
Q00059,Q8NHV4
Q9BXW9,P31930
P26599,O43251
Q6UB99,Q9BYG3
Q92538,Q8WVZ7
Q66K64,Q96HC4
P03372,Q92769
P41743,Q13137
P15918,O00762
Q13610,Q5JVS0
Q05048,P43034
O75530,O60832
P01106,Q13163
Q15058,O60884
P62851,Q9Y262
Q9NQC7,Q04695
Q3ZCM7,P0C1Z6
P46379,Q13887
Q15435,P68543
Q9NQ84,Q9H8X2
Q14160,P46013
P36542,P14854
O75190,Q9UJY1
O15218,Q15070
P31942,P09012
Q9UNE7,P07711
Q8WX92,P02724
Q9NVN8,Q6K0P9
P14866,Q93100
Q53GQ0,P07711
P49761,Q9BY77
O94788,O43464
Q14444,O95600
Q7L8L6,Q9NSE4
P50914,O75569
Q15388,Q6UVJ0
Q96FQ6,Q5VU43
Q9NQU5,Q53H12
P61978,Q9Y2Z4
O95858,Q7Z2K6
O60381,Q12899
Q9BSJ5,O00330
P0C0S5,Q96ST3
Q9Y383,O95714
Q16531,Q9BTE7
P01008,P53597
Q8N2M8,Q8TAD8
Q14653,Q9H6U6
P12644,Q9UMX1
O43663,P12270
P60709,Q96DX5
P12270,Q92621
Q15323,P52179
O95202,Q15049
P27348,Q9Y2U5
Q9UKA8,Q14651
Q92841,P43243
Q00535,Q9UJC3
P08069,P62258
P11802,P62750
Q9NQC7,Q07020
P48730,Q9GZY0
Q9BZQ6,Q9UBE0
Q04206,P19784
Q09028,Q96JM3
Q9UBB4,P50454
Q13155,Q9BXU0
Q14974,Q8TD16
Q9H8V3,P16070
Q15646,Q13247
Q00341,P60866
P51957,O14818
P01860,P30838
Q14258,Q96T60
P36578,Q9H9Y2
P08686,Q5TA77
O75592,Q8IWF2
Q06124,Q02750
Q8TDN6,P62277
P06748,Q9BWT3
P25054,P09630
P68400,Q06413
O14964,Q12931
Q9H000,O75386
P32121,P43116
Q9UBR4,Q9UJX2
Q9NVT9,P20336
P17931,Q13740
O43924,Q15382
P05067,P30304
Q7Z3I7,Q9BYV2
O94898,Q8TAL6
Q9GZM8,Q9P086
Q8WXW3,Q9BY77
Q96AT9,Q12931
Q92466,Q9NWH7
P51531,P15976
P54259,Q7Z3B3
Q13489,P35914
O14818,Q7L775
P22607,Q07869
Q16656,O95789
P24385,P06858
Q9UHV9,Q9HCN4
Q8WVD3,O43900
P10636,Q13627
P01111,O14744
Q15796,O15054
P61981,Q96AE4
Q9UMX0,P09651
P25786,Q9NW13
P63165,P11498
P62745,Q9NWQ8
P16403,Q8WVJ2
P43115,O94887
Q8TAF3,Q14191
P06702,Q96DR7
Q15717,O75525
P02751,O00602
Q96ES7,Q6ZSJ8
Q9BWG6,Q96GM5
P11142,P14868
Q6MZP7,Q9BPU9
Q9ULA0,O60237
Q02156,P28838
Q13200,P54727
Q7Z695,Q15165
P54577,P36551
P62993,Q9GZQ8
P35914,P05166
Q8IWL3,Q9Y679
P16403,O95153
O00206,Q9NPH5
Q9Y3M2,Q96QF0
Q9BXF6,Q86YS3
O60356,P07305
P13569,Q14498
Q9UNP9,Q86YI8
Q6ZMI0,P00488
O14735,Q8TDV0
P55085,Q96FV3
Q8IXZ2,Q96HN2
A5YKK6,Q9ULM6
Q8IVL0,O14529
Q13043,Q8WWW0
Q9Y6D5,Q96LA8
P34932,P53667
Q3ZCM7,Q8NHY5
Q9H3Z4,Q8IV01
P0C0S5,Q9UBB5
P98172,O95409
P22607,Q3LI72
Q4G0J3,P58876
Q8TEA7,O60832
O14544,Q9UBB4
Q8N6T3,Q8WXI3
P49736,Q9NUQ6
O43493,Q86VS8
Q16531,P22612
Q03468,P33778
P82663,Q9Y291
O15084,P43034
P01308,P62841
Q8TDD2,Q9NTZ6
Q13418,Q5VV42
Q13489,P23396
O76003,Q14012
O14746,Q9NVN8
O75530,Q16531
Q15942,O15013
Q9HCL2,Q92667
P29353,P04264
P04629,P09211
P01112,P49768
O43889,P34897
Q8TAA9,P18031
O75822,P62847
Q15418,Q9Y248
Q9GZX7,Q9BV68
Q8IUE1,Q86SJ6
Q9UBX5,Q9NWK9
Q9Y399,P42704
P15336,Q7L2Z9
Q92731,Q6P2E9
Q13263,Q8N720
O15205,Q9H061
O75396,Q8N144
Q2TBE0,P21246
Q96N66,Q07065
Q9UPQ3,Q6ZW31
Q9NS91,P17987
Q03468,O00257
O14576,Q13409
Q15116,Q6AI08
Q13185,Q9Y6X9
P13569,O15270
P09651,Q7Z7H8
Q9BVK8,Q96L08
Q96ST3,Q13351
Q9ULM3,Q01664
Q8N138,Q14973
O96008,P51649
Q9UL40,Q9BRZ2
Q9Y279,Q9NX76
Q9Y697,Q00059
P35637,P11586
Q9UI10,Q96KC8
O15315,P26717
Q99757,P07237
O14901,Q13185
Q13451,Q13131
P42338,Q15147
Q53GS7,O75379
Q69YN4,Q6ZT12
P54725,Q96Q11
Q15118,O75521
P61024,P0CI25
P04150,Q8WZ42
P59665,Q9BZQ6
Q8IZU1,Q01658
P27348,P07910
Q5XPI4,Q9HCF6
Q15014,Q9Y3B2
P63098,P24592
Q96EL2,Q8NE86
Q15628,Q8NHV4
Q13948,P43363
O60885,P54725
P07910,P43243
Q8N6T7,A8CG34
Q6A162,Q9NSB4
Q96PK6,P52756
Q9NPI1,O00178
P21709,Q9UI10
P33992,Q8N7X1
P49748,Q9BUB7
O15498,Q8N6S5
P56524,O75376
O95373,P83105
P09341,Q07955
Q69YN4,O75688
Q86VM9,P18621
P08603,Q9UIL8
Q9UI09,Q9C002
Q02241,P51571
Q02410,P09471
P26373,Q9NQ50
P01116,Q13671
Q9C0H2,Q8IVY1
Q8NDI1,O15155
P60953,P09622
O14786,Q9Y3R5
Q13330,A8MW92
P30101,Q6ZRI8
Q6R327,Q08623
Q9UK41,Q86VQ1
Q9Y4I1,Q96A61
Q9Y4K3,P48147
Q00839,Q9H6R4
Q99959,Q8WUP2
Q96SB4,P05067
P21926,P08183
P31948,Q15185
O76021,Q13263
P11362,Q4G0J3
Q9Y4P3,Q15022
Q96P47,Q9HCD6
P51608,O43196
Q9Y275,Q15386
Q16777,Q71DI3
Q9NZC7,Q9NQG5
P01137,O95239
Q9BRN9,Q6NSJ5
Q66K41,Q9Y5J9
P16671,P28845
P07737,P17020
Q96RN5,P53992
P14854,Q6UW68
P05546,P00734
Q96HY6,Q14232
P00519,O43586
Q8IZ07,Q96PG2
P63165,Q9Y6K9
Q9NPF5,O94763
Q96QS3,Q99435
Q14738,Q96K76
Q9BSL1,P08949
Q14966,Q9NQ29
Q86UK7,Q9UNM6
P54852,Q9BRI3
P50222,Q15907
Q13233,P83731
Q96RL7,O95352
Q96FW1,P38606
Q9H0W5,Q9UHD2
Q9UDY2,Q13021
Q96EQ0,Q9H981
Q13501,Q9H772
Q8TCJ0,Q99615
Q66GS9,Q9H5Z1
Q9BSJ5,P82664
P28749,P51532
P42574,P32926
Q9GZR7,Q9P2P5
Q86TS9,Q9BUB7
P08238,Q2WGJ6
Q9NQW6,P62873
Q13618,Q10567
P06239,A7KAX9
Q16134,Q52LG2
Q15058,P18077
Q86T26,Q86XL3
P55854,Q12965
P47755,O75128
Q13404,Q9P2X3
O95858,Q9ULW2
P05067,P61224
Q00688,Q9NPF4
Q9H0M0,Q01844
Q71F23,Q6IPU0
Q9BYN8,P36957
Q9Y6K9,Q969D9
Q7Z6Z7,O95365
Q8IYK4,P39060
Q92552,Q07021
Q12857,P48436
Q9BXK1,Q99590
Q5JUK2,Q9NNW5
Q96SQ9,Q12770
Q8NE01,Q9BYQ3
P11142,Q15428
Q04206,O75190
Q92785,P55771
Q9BQE3,O60896
P41587,Q96B77
Q96DA6,Q7Z2W9
Q99689,Q2TAC2
Q9UL33,O75865
P06748,Q7Z478
Q93009,Q96PU4
P35052,P46782
O75330,Q9P0P0
Q9UKM9,Q8IUX4
P50148,Q969F8
Q9NYY8,Q96FI4
P09429,P05067
P31273,Q8IUC2
Q15628,P08670
P53621,Q9UL18
P39023,P62847
P61586,Q12846
Q8N3E9,P30203
Q92841,O43918
P78317,Q99848
P21675,Q6UXZ4
Q9NPF0,Q99732
Q93062,Q96SI9
P42166,Q7Z6Z7
O95721,O00161
Q9UBU9,Q96PU8
Q15287,Q9NZM3
P61158,P52597
Q9BVP2,P78563
Q8TAC2,Q8IX19
Q14696,Q9BQ50
Q13352,Q96B36
Q9NQW6,Q9NW13
Q71U36,P10398
Q13489,Q15046
Q9Y4C8,Q75WM6
P78371,Q96FK6
Q16875,O60825
P50851,Q9NYP7
O43491,Q6PJF5
O60506,P78527
P60953,Q9Y6M7
Q0VD86,O15160
O14907,Q9UI32
P01112,Q9BZF1
Q96FJ2,P63208
Q9NUL3,Q9UJV8
Q93034,Q92734
P18084,P60410
P32969,P42677
P01112,P41743
Q8TBK6,Q8IYB3
Q15303,P15941
O94761,P43243
Q99717,P17813
Q9H582,Q4V326
P52815,P46199
P17302,Q9Y6H8
Q15717,Q5BJD5
Q969J2,Q9UBH0
P78317,P18850
Q66K41,Q5VZL5
Q63ZY3,Q8N4Q1
Q16401,P00491
P28482,Q96AC1
Q13405,Q86XR8
P10809,P49116
P62805,Q9BTC0
Q9BXM7,O15020
P31943,O43286
Q96A22,P35612
Q9HC52,P04908
Q9HCE1,Q9GZX9
Q9BYQ3,P60014
Q8N1F8,Q9Y2T6
Q9UM82,Q14314
P06241,O14492
Q15365,Q96EK4
P42126,P51151
Q9HD43,Q8NFP9
O76061,Q8IV13
P62805,Q9UER7
Q9BRS2,Q9Y3I0
Q13489,P11413
Q15599,O43707
Q9Y5K5,Q8NBZ0
Q9UBU9,Q8IY17
P17302,Q9ULC3
Q8N766,Q9P0I2
Q29RF7,P61073
Q99816,Q96MA1
Q969P5,Q9BPX3
Q96BI3,Q9HC97
P0DJD0,Q92805
O75146,Q6P1N9
P21860,Q9NP79
Q6AI12,Q8N8Q3
P46108,P45984
Q96CS3,Q9Y277
P46379,P22692
Q13885,Q92743
P04626,P07602
P25054,O95758
Q13625,P10415
O95147,O00203
Q96NL6,P30419
Q9UHB6,Q9H3F6
Q14157,Q9UPR3
O60356,P57721
P08637,P02743
Q96PE5,Q494U1
Q14258,Q6IQ26
Q12983,Q9Y255
Q15645,Q9Y303
Q9Y4A5,P32519
P49257,Q9NYP7
P62841,P62857
Q14318,Q9NZ43
P26367,Q9P2D1
P62745,Q9NRG9
P49721,Q8WXH4
Q13507,P20591
Q562R1,O60496
Q9NVI1,O43741
Q9BZF1,P30518
O75330,Q96AX1
Q14160,O60346
O14578,Q9Y4A5
O15078,Q9NPJ6
Q01968,Q7Z3C6
Q9BXS4,O00461
P23945,P01225
Q8IVT5,A1KXE4
Q9BZZ5,P53384
Q96AG4,P57740
Q3SXY8,Q71RG4
Q9Y5L0,Q9BQ52
Q96MT8,Q8TEP8
O75695,Q13951
Q9H583,Q9Y5Y3
Q09472,P43694
O75360,A6NJ78
P51957,P41091
O14920,P07814
Q8IXJ6,Q9NX40
Q29RF7,P46059
P60953,O14654
Q05655,P17252
Q96A22,Q9C004
Q8NFG4,Q9P278
P62136,P49790
O14792,O00230
Q9Y5U4,Q12770
Q5S007,P32969
P42167,Q9BXS6
Q05209,Q92625
P26368,Q12986
P46821,O14733
P04637,O15519
Q92993,Q9NZ72
P42704,Q13480
Q99996,P14678
P61088,Q969K3
P12830,P14635
Q96JB6,Q96RT7
O14828,O94768
Q8NAP3,Q13203
Q96KA5,Q9H3M0
P46108,P39019
Q12888,Q8NFD5
Q01860,Q71DI3
P10276,Q13228
Q9C086,Q01850
Q6GPH4,Q96EW2
Q9Y4E6,P15313
Q9BTE6,O94906
Q9Y316,P14373
Q02363,Q02548
P49639,Q9BYV6
Q07817,P13667
P33993,O00515
P31321,P54646
Q9BXW4,Q8IZQ1
P01111,P04921
Q9H582,Q7Z3K3
P46781,Q9P2D0
Q96HE8,P02808
Q969T9,Q8IYW5
Q3KNW5,Q9Y548
Q6A162,Q5I0X4
P23528,O15160
P06576,Q96CM3
Q15910,Q9UPN9
Q8IWZ6,P62847
Q14344,Q9NUV9
P13473,Q9Y5X3
Q9GZS1,P25440
O14713,P00441
P17174,Q6ZRV2
P08238,Q02790
P12270,Q9UQE7
Q6UX07,O60895
P27695,P78527
Q92575,P56589
Q96PU5,A4UGR9
P63267,Q9C030
P00338,P31939
O75390,P10176
Q9H4M7,Q9H267
P19784,Q9BV38
P27986,O15431
Q96A33,Q9ULY5
P13569,Q53H12
Q9BTN0,Q6ZMH5
P62805,O43711
Q14957,O15534
Q9HBH0,P22695
O95994,P61970
Q13616,Q5T6F0
Q9NW38,Q86UU5
Q96HA8,O60547
P49407,O60832
P46776,Q96IT1
P48454,Q7Z5H3
P27348,Q14204
Q15058,P46777
P51608,Q92800
P46379,Q9Y2H6
P10301,O75626
Q9Y275,Q15058
O94901,Q9ULY5
Q9UQB8,Q8NFZ5
Q92598,O95600
P07288,P00747
P42566,Q9UK23
P21964,O75783
P05187,Q09328
Q05066,Q8IWV8
P31943,O43251
P62820,Q9UI14
Q9ULY5,P43490
Q01968,O95140
P40222,Q9BXW6
Q96CF2,P31153
P08138,O75928
P61981,P07225
O95182,Q9BQ15
P62805,P46013
O43548,P13473
P21796,Q99608
P61247,Q9NWA0
Q676U5,Q9H6S0
O60504,O60506
O95047,Q86SG5
O60884,P60900
O00411,Q9UGC7
Q9GZR2,O43818
Q9HBH0,P46977
Q15468,Q8N4C6
Q15648,O75486
Q08211,P48047
Q99848,Q96MF4
Q9H270,Q9NZ52
P53597,Q16740
P62937,P07225
Q9UK08,P00450
Q969T4,Q96J02
Q9BYN8,Q15434
O15294,Q92560
O43396,Q05086
Q96AE4,Q9BQA1
Q6IQ23,P09651
O00571,Q8WVJ2
P55268,Q96KM6
O60356,P47756
O43752,O15400
Q9Y6K9,Q6FI81
A2A3N6,P83369
Q99757,Q6RW13
Q9H8V3,Q8TD20
P32780,Q15785
Q8IUR7,Q9H0C1
Q7Z739,O95628
P30533,Q8IWS0
Q9Y2X8,Q8WY64
O00212,Q9BZH6
Q93079,Q9NR48
P36957,Q16352
P41220,P12956
Q9UBF8,Q04917
Q71U36,O75665
Q15287,P09012
P11908,O95248
Q8TD16,Q8IV45
Q8TB24,P10809
Q86T26,Q5VSG8
P51151,Q9ULE6
P20290,P46821
P04843,Q8WX92
P14618,Q9Y2Q3
Q8IUR7,Q9BWC9
P67809,Q2NL82
P58012,Q6UN15
Q9NSD9,P54793
Q9P2F8,Q5PRF9
Q4U2R6,Q15070
Q13505,P01148
Q4LE39,O43189
Q96EB6,Q14204
Q9UJV3,A1L4K1
P50542,O95989
P50402,Q9H0K1
P26367,Q14686
Q9NRC1,Q6ZNB6
P14923,Q9Y3Z3
P09651,Q9NZB2
Q9Y266,Q9BXK1
Q13315,Q9C0J9
Q86VP6,P42677
Q13895,Q9UL42
Q9H9S0,Q96QH2
Q92785,Q12888
Q9UK17,Q07699
O43482,Q5H9K5
Q15637,Q14152
P52209,Q15067
Q9UHX1,Q96I34
Q6NX45,Q9BWG6
Q7Z699,Q9H816
P78346,Q16206
P05067,P62906
P05771,P07305
Q9GZQ8,P35637
Q9BQI3,P46100
Q9BVJ6,Q8NB12
Q9NQW6,P55084
A8K8V0,Q5VU43
Q04837,O60676
P14635,Q5SW79
Q9NRZ9,P49450
P82664,P37108
P52597,A0AV96
Q9UNE7,P13591
O14763,Q86UD3
P49407,Q13085
O75369,O14682
Q9UMS4,Q93074
O14843,Q96B49
O14817,Q8N386
P49840,Q9NZD8
Q6ICB0,Q9NZS2
P02751,P06753
P62899,Q9NVP2
Q13085,Q08380
Q9Y4K3,P15170
Q562R1,Q96DD0
P51957,P09651
Q92614,Q9Y4I1
Q14444,P48634
P49721,Q9NR09
O95831,Q9P0J0
P12956,P09661
Q92665,Q9NYY8
Q96EP0,Q969T4
O95159,Q6P5W5
Q99496,P83731
Q7L523,Q8N8N0
Q92985,Q9UN37
Q8WZ73,Q12965
P63241,Q9H3R0
Q9Y2W1,Q13427
Q9NQW6,Q9BZE1
Q96QR8,P10412
Q01844,O15355
P68431,Q12857
P30273,A0PK00
O43765,P00540
O14967,Q99941
O15446,Q9HAV4
Q96EA4,Q01581
Q9Y6K9,Q9P1W9
O95235,Q96EL3
Q86V81,Q14498
P35580,P48556
Q5T4S7,Q96BJ8
P60370,Q5TA81
P62750,Q92522
P49736,Q5T1M5
P05412,Q15276
P24385,Q49AG3
O95235,Q5JQF8
O94761,O15460
P04637,Q96JA1
Q9H8J5,Q9Y2I1
Q7Z417,Q9BYS1
P03372,Q92547
P47755,Q1MSJ5
O95153,Q86UW7
P11940,P35244
Q13131,P17987
Q9NZE8,Q9NQ29
Q15628,Q9Y4L5
Q9HCE1,Q7Z7H5
P31947,Q86W92
P27708,P27540
Q8IY67,Q9NX05
Q9H4E5,O15498
P13569,Q9BS26
Q01814,Q9UHK0
Q6UX01,Q5UCC4
Q14684,P62753
Q8N9P6,O14628
Q14289,Q14344
Q9HCE1,P53803
Q9H6Z9,Q14166
Q9UMX2,P48163
Q96RE7,Q30KP8
Q9UL15,Q86UX6
Q15058,P16118
Q01130,Q9P209
Q14258,Q8TAA9
Q9H2J7,Q9H2F3
Q9Y586,Q9UQ80
Q15084,Q96L12
Q5BVD1,B0FP48
Q92526,Q5BKY1
Q92993,Q8IY31
O43143,Q12962
P35222,P18146
Q9Y4H2,Q9BYD6
P09382,Q9NQW6
Q13873,Q86YT6
P36957,Q9Y5S9
P51178,Q9Y624
P01106,P28331
Q02779,Q8IUD2
Q7Z699,Q5TD97
P49585,P62310
O14763,Q13705
O00571,O43502
P01106,Q13616
P09496,Q5T7N2
Q9GZM5,Q16581
Q5S007,Q9BTE3
P25490,P50454
P35998,O95863
P07305,Q15059
Q13489,Q96QD8
P17301,P04004
O00308,O94855
P47756,Q12986
P23443,O15372
Q9UNN4,P31274
Q9UHL9,Q96SR6
P53007,Q6UX01
Q9NUQ7,Q495A1
P16444,O43676
P82932,Q9NWT8
Q8TBB1,Q8IX15
Q8WTT2,P62241
O14578,Q8NI35
P43686,Q96DT6
Q04917,Q5T5U3
Q9Y639,P50748
Q15717,Q8WW12
Q8IYF1,Q8N9Q2
P62736,O75069
Q69YN4,Q8N414
Q7Z398,Q5T749
Q12906,P40337
Q6A162,Q03989
O75439,Q9UGM6
Q9UHD9,P20248
O14617,P34947
Q96EY7,Q9ULK4
O95067,Q9UJX6
Q01453,Q5JXX7
P22736,Q92900
Q13547,Q8N9N5
Q15843,Q5TA31
Q12933,P00533
P20339,Q7Z7G8
O75489,Q9BUB7
Q9UQL6,Q86UA1
Q6PKG0,Q9P2M7
Q7L014,Q9Y383
O14976,Q9Y6W8
O60506,Q9Y478
O75604,O43913
O60506,P62633
P25963,P19525
P14136,Q86VZ1
O75616,Q969S9
Q96RR1,Q96T52
P48742,P15822
Q9Y5M8,Q8IWZ8
Q9Y5K6,Q7Z6Z7
P41597,P02778
P17252,O00161
Q06787,Q99784
P14618,Q8IWR0
Q9UKD2,Q9UIH9
Q9H0W5,P62995
P03372,O60934
O75947,Q7L5D6
Q15029,Q9H3P7
O95573,O75170
Q96JJ7,Q9H2F3
Q15653,O95816
O60306,O15234
Q9NRI5,Q9UQB3
Q96GG9,P09234
P11802,P47897
Q13489,Q92688
P47914,P46778
P24386,Q86YS6
P34897,Q9H270
Q09470,Q8N2M4
Q6XQN6,Q96Q40
Q04837,Q9Y576
Q14258,O15258
Q8NFN8,Q9UMS5
Q14442,Q9NV66
Q9UNS2,Q8WWQ0
Q9NWN3,Q9NYL9
Q9UGU0,Q9H568
P62750,Q9NX20
Q13011,Q8N4C6
P29966,P06454
P61956,O15381
Q9H201,Q9Y4X5
Q8IZD4,Q8IWA6
P14866,Q9NRD1
Q9ULD2,Q16831
Q86VM9,Q92769
P51957,Q15428
Q9HAV7,Q92688
P62140,Q6NYC8
Q14192,Q9UEU0
Q14999,Q96HP0
Q8N5N7,Q96T52
P17509,Q5H9S7
Q3ZCM7,Q9UQ10
Q9ULV4,Q5T7N2
P14778,P18510
P56545,Q9P013
Q92754,Q9Y294
P62829,P17655
Q86VM9,Q92522
P62491,P61026
P36873,P05386
Q13423,O95900
P05067,P05141
Q8IVT5,Q96S53
P60484,Q86XN8
Q86VM9,Q02543
Q8N6T3,Q86X55
Q9NQC7,P04259
P62841,P62854
O43752,Q6NUQ1
P14923,Q9Y297
Q9H000,P29558
P13612,Q99714
Q96ST3,Q9UIG0
O14578,Q9P2T1
O76094,Q9UJV8
P48443,O15488
Q6UXB1,Q9BSL1
Q16650,Q15596
P35613,Q9NPI1
Q9NTJ3,Q93074
P62837,Q9C040
Q9Y2X7,P50897
Q02241,P62633
P20036,P16260
P15153,Q12959
Q5T9A4,Q96EA4
Q9BQE3,Q3KQU3
O60941,Q8N1B4
Q13823,Q9BWE0
P55196,P62993
Q15306,Q8NHM5
P51948,Q92759
Q13520,Q13113
P31948,Q58FF7
Q13501,P25705
Q00534,P51946
O15194,P35221
Q6NUQ1,Q9BSH4
Q96L21,Q14498
Q13620,Q9Y6K1
P22607,P55008
P06239,Q6ZVF9
O14640,Q86X19
Q14203,Q6ZU15
Q07955,Q9NUL3
Q02833,Q8IW35
O00212,O43301
P60411,Q5TA82
Q8TC12,P78317
P07288,P62987
Q92820,Q8IWF2
Q9NYG2,O95436
Q9H444,P40818
Q15070,Q04837
Q68CP9,P50458
P35580,P09936
Q96LK0,Q6PIV2
P35070,P49770
Q9NZR2,Q9NZL3
Q6IWH7,O00268
P10451,P78559
P62877,Q9H4M3
Q7Z7L1,P49450
P68400,Q13541
P14866,P35237
O95376,P52789
P11940,Q8NHU6
Q9BXM7,P04844
Q9Y297,P28288
P41181,Q5J8X5
P18510,Q9BRL7
P08670,P33778
P63000,O75976
Q9Y5B8,P50222
P49756,Q8NAV1
P05026,Q9HD45
Q9GZM5,O43674
P54762,P16333
P59665,P41221
Q9BXW9,P18583
P54578,O43143
P49639,Q5TCM9
Q8N9U0,P62491
P10636,Q08170
Q8N5R6,Q9H6L4
P61956,Q92791
O75643,Q96C86
Q9Y570,Q9BUL8
Q92918,Q9BWH6
P27695,P62995
Q13200,P19320
P30050,P78563
P62258,Q9NYF5
P41002,P62917
O75575,O15499
Q9H1Y0,Q9BQD3
Q6PJI9,Q969R8
P35579,Q14126
Q9UH62,Q16626
O75439,Q9BYC9
Q9NR50,Q9ULW2
P04637,Q96SD1
P51116,Q14157
Q02241,Q8NF37
Q7L2J0,P82912
Q04864,Q8N5M1
P20340,Q8TD16
O75607,P17026
Q9C004,P49257
Q15075,P55735
P42695,Q07955
Q8IVT5,O14617
Q9UBW7,P23246
O95235,Q99959
P61221,Q9UQ35
Q13882,P50991
P08670,Q96J01
P16333,P15918
P62424,Q9BQ39
P63261,P06396
Q16543,P00540
P62877,Q6IWH7
Q6NT76,Q13084
Q96CX2,Q01105
Q9UQB8,Q9P2P5
O00487,Q5VYK3
P05023,P50897
P04629,Q15233
P49184,Q13438
O43752,Q01082
O94992,P19012
P04629,Q7Z5K2
Q2TBE0,Q68D86
O75400,Q8N9I0
P27695,Q00839
Q9H4M7,Q9H6S0
Q05513,Q13509
P52272,Q5BKZ1
P31943,O60936
Q8IZP0,Q86W42
O14732,Q04760
P51784,Q9NVM6
Q12873,P55769
P67775,Q9BX67
Q6N075,P32241
Q13247,Q13595
Q8IZ40,Q15697
P53999,O75689
Q8TEW0,Q9HCM3
Q07065,Q96EY4
Q13263,Q9UMR2
P02545,Q9Y6G1
P14136,Q9NQH7
O43524,P55055
P51178,P42356
O14983,P28827
Q15942,Q9NPJ6
P56945,O75815
P63165,O95363
P22061,O15121
Q8IYS1,P50221
Q96EB6,Q7Z398
P12004,Q15022
P10301,Q8WWW0
Q8NI27,Q96KV7
P07948,Q86W92
Q8IWS0,Q86VP6
O95831,Q400G9
Q9GZR5,Q96EC8
Q9H0W5,Q96HS1
Q13155,Q5D1E8
Q86YP4,Q96KM6
Q13263,Q14676
Q5T4B2,Q8N307
Q6UX01,O15160
Q2HXU8,Q86X52
P08621,O00139
Q86WT6,P61088
Q08945,O75807
P10721,O14508
Q14258,Q9NUJ3
Q92540,Q9HAW4
O15446,P19338
Q9BVS5,O75127
P49407,O43524
Q00577,Q9Y4C8
Q13451,P54821
O14920,Q9Y3C5
Q9UL15,Q03933
Q9HAD4,O14880
O94761,Q96I24
O43541,Q96J02
Q9HAT0,P19447
P51659,Q9Y3D6
P01111,O75845
Q6UY01,A2RRP1
Q86UE4,Q9HBZ2
P42858,P20338
Q5TA81,Q5T754
Q9NZV5,Q9BQ70
Q08209,P47870
P17081,Q08357
O94761,Q9UHB9
P07948,P42263
Q6VMQ6,P98161
P42126,Q6PCT2
Q6UX01,Q68DV7
Q13616,O76031
